game_id,casino_id,game_type,game_date,start_time,end_time,prize_pool,num_participants,num_winners,allocation_method,status,description,created_at
GAME-001,CAS-003,Roulette,2024-07-26,2024-07-26T00:00:00,2024-07-26T01:00:00,100000.0,5,1,SINGLE_WINNER,COMPLETED,Single winner — full prize,2026-10-05 08:47:06
GAME-002,CAS-001,Blackjack,2024-07-29,2024-07-29T00:00:00,2024-07-29T04:00:00,200000.0,6,1,SINGLE_WINNER,COMPLETED,Single winner — large prize,2026-10-05 08:47:06
GAME-003,CAS-004,Poker,2024-08-21,2024-08-21T00:00:00,2024-08-21T03:00:00,75000.0,4,1,SINGLE_WINNER,COMPLETED,Single winner — poker,2026-10-05 08:47:06
GAME-004,CAS-003,Baccarat,2024-06-23,2024-06-23T00:00:00,2024-06-23T03:00:00,150000.0,8,1,SINGLE_WINNER,COMPLETED,Single winner — baccarat,2026-10-05 08:47:06
GAME-005,CAS-003,Slot Tournament,2024-07-17,2024-07-17T00:00:00,2024-07-17T01:00:00,50000.0,10,1,SINGLE_WINNER,COMPLETED,Single winner — slot tournament,2026-10-05 08:47:06
GAME-006,CAS-005,Roulette,2024-06-27,2024-06-27T00:00:00,2024-06-27T02:00:00,100000.0,6,2,EQUAL_SHARE,COMPLETED,Two shared winners — equal split,2026-10-05 08:47:06
GAME-007,CAS-004,Poker,2024-06-23,2024-06-23T00:00:00,2024-06-23T04:00:00,200000.0,5,2,PERCENTAGE_BASED,COMPLETED,Two shared winners — 60/40 split,2026-10-05 08:47:06
GAME-008,CAS-005,Blackjack,2024-08-17,2024-08-17T00:00:00,2024-08-17T02:00:00,80000.0,4,2,EQUAL_SHARE,COMPLETED,Two shared winners — equal,2026-10-05 08:47:06
GAME-009,CAS-001,Poker,2024-09-14,2024-09-14T00:00:00,2024-09-14T02:00:00,150000.0,8,3,EQUAL_SHARE,COMPLETED,Three shared winners — equal split,2026-10-05 08:47:06
GAME-010,CAS-003,Baccarat,2024-04-17,2024-04-17T00:00:00,2024-04-17T04:00:00,300000.0,6,3,PERCENTAGE_BASED,COMPLETED,Three shared winners — 50/30/20,2026-10-05 08:47:06
GAME-011,CAS-001,Roulette,2024-08-16,2024-08-16T00:00:00,2024-08-16T02:00:00,120000.0,7,3,EQUAL_SHARE,COMPLETED,Three shared winners — equal,2026-10-05 08:47:06
GAME-012,CAS-003,Poker,2025-01-16,2025-01-16T00:00:00,2025-01-16T02:00:00,200000.0,8,4,EQUAL_SHARE,COMPLETED,Four shared winners — equal split,2026-10-05 08:47:06
GAME-013,CAS-004,Slot Tournament,2024-12-12,2024-12-12T00:00:00,2024-12-12T04:00:00,400000.0,10,4,FIXED_AMOUNT,COMPLETED,Four shared winners — fixed amounts,2026-10-05 08:47:06
GAME-014,CAS-003,Blackjack,2024-06-13,2024-06-13T00:00:00,2024-06-13T02:00:00,160000.0,6,4,EQUAL_SHARE,COMPLETED,Four shared winners — equal,2026-10-05 08:47:06
GAME-015,CAS-005,Roulette,2024-08-05,2024-08-05T00:00:00,2024-08-05T03:00:00,100000.0,5,0,NO_WINNER,COMPLETED,No winner — prize pool retained,2026-10-05 08:47:06
GAME-016,CAS-004,Poker,2025-01-25,2025-01-25T00:00:00,2025-01-25T04:00:00,80000.0,4,0,NO_WINNER,CANCELLED,No winner — game cancelled,2026-10-05 08:47:06
GAME-017,CAS-002,Baccarat,2024-10-03,2024-10-03T00:00:00,2024-10-03T02:00:00,60000.0,6,0,NO_WINNER,COMPLETED,No winner — rollover to next game,2026-10-05 08:47:06
GAME-018,CAS-004,Slot Tournament,2024-12-17,2024-12-17T00:00:00,2024-12-17T01:00:00,50000.0,3,0,NO_WINNER,COMPLETED,No winner — demo non-winning txn,2026-10-05 08:47:06
GAME-019,CAS-001,Poker,2024-04-25,2024-04-25T00:00:00,2024-04-25T02:00:00,500000.0,10,2,PERCENTAGE_BASED,COMPLETED,High-value — two shared winners 70/30,2026-10-05 08:47:06
GAME-020,CAS-004,Blackjack,2024-06-21,2024-06-21T00:00:00,2024-06-21T01:00:00,250000.0,8,1,SINGLE_WINNER,COMPLETED,Single winner — high stakes blackjack,2026-10-05 08:47:06
