itr_id,individual_id,pan,assessment_year,filing_date,total_income,casino_winnings_declared,tax_paid,tds_claimed,refund_claimed,itr_form,verification_status,created_at
ITR-001,IND-001,TEST0001X,2025-26,2026-10-04,1540892.67,200000.0,62400.0,60000.0,0.0,ITR-1,PENDING,2026-10-05 08:47:06
ITR-002,IND-002,TEST0002X,2025-26,2026-10-04,2004635.89,150000.0,46800.0,45000.0,0.0,ITR-1,VERIFIED,2026-10-05 08:47:06
ITR-003,IND-003,TEST0003X,2025-26,2026-10-04,2151029.83,420000.0,131040.0,126000.0,0.0,ITR-1,PENDING,2026-10-05 08:47:06
ITR-004,IND-004,TEST0004X,2025-26,2026-10-04,1312150.34,0.0,0.0,0.0,0.0,ITR-1,VERIFIED,2026-10-05 08:47:06
ITR-005,IND-005,TEST0005X,2025-26,2026-10-04,1197749.9,90000.0,28080.0,27000.0,0.0,ITR-1,VERIFIED,2026-10-05 08:47:06
ITR-006,IND-006,TEST0006X,2025-26,2026-10-04,1359776.3,0.0,0.0,0.0,0.0,ITR-1,VERIFIED,2026-10-05 08:47:06
ITR-007,IND-007,TEST0007X,2025-26,2026-10-04,1886662.96,173339.82,54082.02,144000.0,0.0,ITR-1,PENDING,2026-10-05 08:47:06
ITR-008,IND-008,TEST0008X,2025-26,2026-10-04,1461032.28,76712.68,23934.36,75000.0,0.0,ITR-1,PENDING,2026-10-05 08:47:06
ITR-009,IND-009,TEST0009X,2025-26,2026-10-04,2087470.8,0.0,0.0,0.0,0.0,ITR-1,VERIFIED,2026-10-05 08:47:06
ITR-010,IND-010,TEST0010X,2025-26,2026-10-04,886650.3500000001,47267.56,14747.48,58500.0,0.0,ITR-1,VERIFIED,2026-10-05 08:47:06
ITR-011,IND-011,TEST0011X,2025-26,2026-10-04,1827707.67,0.0,0.0,30000.0,0.0,ITR-1,VERIFIED,2026-10-05 08:47:06
ITR-012,IND-012,TEST0012X,2025-26,2026-10-04,1170376.51,0.0,0.0,12000.0,0.0,ITR-1,VERIFIED,2026-10-05 08:47:06
ITR-013,IND-013,TEST0013X,2025-26,2026-10-04,1845591.34,0.0,0.0,30000.0,0.0,ITR-1,VERIFIED,2026-10-05 08:47:06
ITR-014,IND-014,TEST0014X,2025-26,2026-10-04,2113125.79,0.0,0.0,45000.0,0.0,ITR-1,VERIFIED,2026-10-05 08:47:06
ITR-015,IND-015,TEST0015X,2025-26,2026-10-04,602727.0,53876.22,16809.38,12000.0,0.0,ITR-1,PENDING,2026-10-05 08:47:06
ITR-016,IND-016,TEST0016X,2025-26,2026-10-04,2021544.7999999998,298996.85,93287.02,54000.0,0.0,ITR-1,PENDING,2026-10-05 08:47:06
ITR-017,IND-017,TEST0017X,2025-26,2026-10-04,1470889.35,142007.33,44306.29,27000.0,0.0,ITR-1,VERIFIED,2026-10-05 08:47:06
ITR-018,IND-018,TEST0018X,2025-26,2026-10-04,2254350.7,317658.87,99109.57,105000.0,0.0,ITR-1,PENDING,2026-10-05 08:47:06
ITR-019,IND-019,TEST0019X,2025-26,2026-10-04,987968.88,0.0,0.0,0.0,0.0,ITR-1,VERIFIED,2026-10-05 08:47:06
ITR-020,IND-020,TEST0020X,2025-26,2026-10-04,2072024.62,196779.79,61395.29,60000.0,0.0,ITR-1,VERIFIED,2026-10-05 08:47:06
