participant_id,game_id,individual_id,buy_in_amount,entry_time,exit_time,is_winner,position,status,created_at
PART-001-01,GAME-001,IND-013,20000.0,2024-07-26T00:00:00,2024-07-26T01:00:00,1,1,ACTIVE,2026-10-05 08:47:06
PART-001-02,GAME-001,IND-020,20000.0,2024-07-26T00:00:00,2024-07-26T01:00:00,0,2,ACTIVE,2026-10-05 08:47:06
PART-001-03,GAME-001,IND-015,20000.0,2024-07-26T00:00:00,2024-07-26T01:00:00,0,3,ACTIVE,2026-10-05 08:47:06
PART-001-04,GAME-001,IND-017,20000.0,2024-07-26T00:00:00,2024-07-26T01:00:00,0,4,ACTIVE,2026-10-05 08:47:06
PART-001-05,GAME-001,IND-009,20000.0,2024-07-26T00:00:00,2024-07-26T01:00:00,0,5,ACTIVE,2026-10-05 08:47:06
PART-002-01,GAME-002,IND-018,33333.33,2024-07-29T00:00:00,2024-07-29T04:00:00,1,1,ACTIVE,2026-10-05 08:47:06
PART-002-02,GAME-002,IND-001,33333.33,2024-07-29T00:00:00,2024-07-29T04:00:00,0,2,ACTIVE,2026-10-05 08:47:06
PART-002-03,GAME-002,IND-004,33333.33,2024-07-29T00:00:00,2024-07-29T04:00:00,0,3,ACTIVE,2026-10-05 08:47:06
PART-002-04,GAME-002,IND-009,33333.33,2024-07-29T00:00:00,2024-07-29T04:00:00,0,4,ACTIVE,2026-10-05 08:47:06
PART-002-05,GAME-002,IND-011,33333.33,2024-07-29T00:00:00,2024-07-29T04:00:00,0,5,ACTIVE,2026-10-05 08:47:06
PART-002-06,GAME-002,IND-002,33333.33,2024-07-29T00:00:00,2024-07-29T04:00:00,0,6,ACTIVE,2026-10-05 08:47:06
PART-003-01,GAME-003,IND-010,18750.0,2024-08-21T00:00:00,2024-08-21T03:00:00,1,1,ACTIVE,2026-10-05 08:47:06
PART-003-02,GAME-003,IND-014,18750.0,2024-08-21T00:00:00,2024-08-21T03:00:00,0,2,ACTIVE,2026-10-05 08:47:06
PART-003-03,GAME-003,IND-006,18750.0,2024-08-21T00:00:00,2024-08-21T03:00:00,0,3,ACTIVE,2026-10-05 08:47:06
PART-003-04,GAME-003,IND-015,18750.0,2024-08-21T00:00:00,2024-08-21T03:00:00,0,4,ACTIVE,2026-10-05 08:47:06
PART-004-01,GAME-004,IND-001,18750.0,2024-06-23T00:00:00,2024-06-23T03:00:00,1,1,ACTIVE,2026-10-05 08:47:06
PART-004-02,GAME-004,IND-009,18750.0,2024-06-23T00:00:00,2024-06-23T03:00:00,0,2,ACTIVE,2026-10-05 08:47:06
PART-004-03,GAME-004,IND-017,18750.0,2024-06-23T00:00:00,2024-06-23T03:00:00,0,3,ACTIVE,2026-10-05 08:47:06
PART-004-04,GAME-004,IND-006,18750.0,2024-06-23T00:00:00,2024-06-23T03:00:00,0,4,ACTIVE,2026-10-05 08:47:06
PART-004-05,GAME-004,IND-004,18750.0,2024-06-23T00:00:00,2024-06-23T03:00:00,0,5,ACTIVE,2026-10-05 08:47:06
PART-004-06,GAME-004,IND-014,18750.0,2024-06-23T00:00:00,2024-06-23T03:00:00,0,6,ACTIVE,2026-10-05 08:47:06
PART-004-07,GAME-004,IND-011,18750.0,2024-06-23T00:00:00,2024-06-23T03:00:00,0,7,ACTIVE,2026-10-05 08:47:06
PART-004-08,GAME-004,IND-005,18750.0,2024-06-23T00:00:00,2024-06-23T03:00:00,0,8,ACTIVE,2026-10-05 08:47:06
PART-005-01,GAME-005,IND-017,5000.0,2024-07-17T00:00:00,2024-07-17T01:00:00,1,1,ACTIVE,2026-10-05 08:47:06
PART-005-02,GAME-005,IND-007,5000.0,2024-07-17T00:00:00,2024-07-17T01:00:00,0,2,ACTIVE,2026-10-05 08:47:06
PART-005-03,GAME-005,IND-005,5000.0,2024-07-17T00:00:00,2024-07-17T01:00:00,0,3,ACTIVE,2026-10-05 08:47:06
PART-005-04,GAME-005,IND-012,5000.0,2024-07-17T00:00:00,2024-07-17T01:00:00,0,4,ACTIVE,2026-10-05 08:47:06
PART-005-05,GAME-005,IND-006,5000.0,2024-07-17T00:00:00,2024-07-17T01:00:00,0,5,ACTIVE,2026-10-05 08:47:06
PART-005-06,GAME-005,IND-009,5000.0,2024-07-17T00:00:00,2024-07-17T01:00:00,0,6,ACTIVE,2026-10-05 08:47:06
PART-005-07,GAME-005,IND-013,5000.0,2024-07-17T00:00:00,2024-07-17T01:00:00,0,7,ACTIVE,2026-10-05 08:47:06
PART-005-08,GAME-005,IND-015,5000.0,2024-07-17T00:00:00,2024-07-17T01:00:00,0,8,ACTIVE,2026-10-05 08:47:06
PART-005-09,GAME-005,IND-001,5000.0,2024-07-17T00:00:00,2024-07-17T01:00:00,0,9,ACTIVE,2026-10-05 08:47:06
PART-005-10,GAME-005,IND-010,5000.0,2024-07-17T00:00:00,2024-07-17T01:00:00,0,10,ACTIVE,2026-10-05 08:47:06
PART-006-01,GAME-006,IND-011,16666.67,2024-06-27T00:00:00,2024-06-27T02:00:00,1,1,ACTIVE,2026-10-05 08:47:06
PART-006-02,GAME-006,IND-016,16666.67,2024-06-27T00:00:00,2024-06-27T02:00:00,1,2,ACTIVE,2026-10-05 08:47:06
PART-006-03,GAME-006,IND-001,16666.67,2024-06-27T00:00:00,2024-06-27T02:00:00,0,3,ACTIVE,2026-10-05 08:47:06
PART-006-04,GAME-006,IND-004,16666.67,2024-06-27T00:00:00,2024-06-27T02:00:00,0,4,ACTIVE,2026-10-05 08:47:06
PART-006-05,GAME-006,IND-012,16666.67,2024-06-27T00:00:00,2024-06-27T02:00:00,0,5,ACTIVE,2026-10-05 08:47:06
PART-006-06,GAME-006,IND-015,16666.67,2024-06-27T00:00:00,2024-06-27T02:00:00,0,6,ACTIVE,2026-10-05 08:47:06
PART-007-01,GAME-007,IND-010,40000.0,2024-06-23T00:00:00,2024-06-23T04:00:00,1,1,ACTIVE,2026-10-05 08:47:06
PART-007-02,GAME-007,IND-008,40000.0,2024-06-23T00:00:00,2024-06-23T04:00:00,1,2,ACTIVE,2026-10-05 08:47:06
PART-007-03,GAME-007,IND-002,40000.0,2024-06-23T00:00:00,2024-06-23T04:00:00,0,3,ACTIVE,2026-10-05 08:47:06
PART-007-04,GAME-007,IND-019,40000.0,2024-06-23T00:00:00,2024-06-23T04:00:00,0,4,ACTIVE,2026-10-05 08:47:06
PART-007-05,GAME-007,IND-003,40000.0,2024-06-23T00:00:00,2024-06-23T04:00:00,0,5,ACTIVE,2026-10-05 08:47:06
PART-008-01,GAME-008,IND-003,20000.0,2024-08-17T00:00:00,2024-08-17T02:00:00,1,1,ACTIVE,2026-10-05 08:47:06
PART-008-02,GAME-008,IND-016,20000.0,2024-08-17T00:00:00,2024-08-17T02:00:00,1,2,ACTIVE,2026-10-05 08:47:06
PART-008-03,GAME-008,IND-020,20000.0,2024-08-17T00:00:00,2024-08-17T02:00:00,0,3,ACTIVE,2026-10-05 08:47:06
PART-008-04,GAME-008,IND-005,20000.0,2024-08-17T00:00:00,2024-08-17T02:00:00,0,4,ACTIVE,2026-10-05 08:47:06
PART-009-01,GAME-009,IND-005,18750.0,2024-09-14T00:00:00,2024-09-14T02:00:00,1,1,ACTIVE,2026-10-05 08:47:06
PART-009-02,GAME-009,IND-016,18750.0,2024-09-14T00:00:00,2024-09-14T02:00:00,1,2,ACTIVE,2026-10-05 08:47:06
PART-009-03,GAME-009,IND-018,18750.0,2024-09-14T00:00:00,2024-09-14T02:00:00,1,3,ACTIVE,2026-10-05 08:47:06
PART-009-04,GAME-009,IND-006,18750.0,2024-09-14T00:00:00,2024-09-14T02:00:00,0,4,ACTIVE,2026-10-05 08:47:06
PART-009-05,GAME-009,IND-009,18750.0,2024-09-14T00:00:00,2024-09-14T02:00:00,0,5,ACTIVE,2026-10-05 08:47:06
PART-009-06,GAME-009,IND-019,18750.0,2024-09-14T00:00:00,2024-09-14T02:00:00,0,6,ACTIVE,2026-10-05 08:47:06
PART-009-07,GAME-009,IND-014,18750.0,2024-09-14T00:00:00,2024-09-14T02:00:00,0,7,ACTIVE,2026-10-05 08:47:06
PART-009-08,GAME-009,IND-010,18750.0,2024-09-14T00:00:00,2024-09-14T02:00:00,0,8,ACTIVE,2026-10-05 08:47:06
PART-010-01,GAME-010,IND-014,50000.0,2024-04-17T00:00:00,2024-04-17T04:00:00,1,1,ACTIVE,2026-10-05 08:47:06
PART-010-02,GAME-010,IND-007,50000.0,2024-04-17T00:00:00,2024-04-17T04:00:00,1,2,ACTIVE,2026-10-05 08:47:06
PART-010-03,GAME-010,IND-018,50000.0,2024-04-17T00:00:00,2024-04-17T04:00:00,1,3,ACTIVE,2026-10-05 08:47:06
PART-010-04,GAME-010,IND-019,50000.0,2024-04-17T00:00:00,2024-04-17T04:00:00,0,4,ACTIVE,2026-10-05 08:47:06
PART-010-05,GAME-010,IND-010,50000.0,2024-04-17T00:00:00,2024-04-17T04:00:00,0,5,ACTIVE,2026-10-05 08:47:06
PART-010-06,GAME-010,IND-017,50000.0,2024-04-17T00:00:00,2024-04-17T04:00:00,0,6,ACTIVE,2026-10-05 08:47:06
PART-011-01,GAME-011,IND-012,17142.86,2024-08-16T00:00:00,2024-08-16T02:00:00,1,1,ACTIVE,2026-10-05 08:47:06
PART-011-02,GAME-011,IND-015,17142.86,2024-08-16T00:00:00,2024-08-16T02:00:00,1,2,ACTIVE,2026-10-05 08:47:06
PART-011-03,GAME-011,IND-017,17142.86,2024-08-16T00:00:00,2024-08-16T02:00:00,1,3,ACTIVE,2026-10-05 08:47:06
PART-011-04,GAME-011,IND-019,17142.86,2024-08-16T00:00:00,2024-08-16T02:00:00,0,4,ACTIVE,2026-10-05 08:47:06
PART-011-05,GAME-011,IND-004,17142.86,2024-08-16T00:00:00,2024-08-16T02:00:00,0,5,ACTIVE,2026-10-05 08:47:06
PART-011-06,GAME-011,IND-016,17142.86,2024-08-16T00:00:00,2024-08-16T02:00:00,0,6,ACTIVE,2026-10-05 08:47:06
PART-011-07,GAME-011,IND-018,17142.86,2024-08-16T00:00:00,2024-08-16T02:00:00,0,7,ACTIVE,2026-10-05 08:47:06
PART-012-01,GAME-012,IND-003,25000.0,2025-01-16T00:00:00,2025-01-16T02:00:00,1,1,ACTIVE,2026-10-05 08:47:06
PART-012-02,GAME-012,IND-011,25000.0,2025-01-16T00:00:00,2025-01-16T02:00:00,1,2,ACTIVE,2026-10-05 08:47:06
PART-012-03,GAME-012,IND-001,25000.0,2025-01-16T00:00:00,2025-01-16T02:00:00,1,3,ACTIVE,2026-10-05 08:47:06
PART-012-04,GAME-012,IND-008,25000.0,2025-01-16T00:00:00,2025-01-16T02:00:00,1,4,ACTIVE,2026-10-05 08:47:06
PART-012-05,GAME-012,IND-017,25000.0,2025-01-16T00:00:00,2025-01-16T02:00:00,0,5,ACTIVE,2026-10-05 08:47:06
PART-012-06,GAME-012,IND-018,25000.0,2025-01-16T00:00:00,2025-01-16T02:00:00,0,6,ACTIVE,2026-10-05 08:47:06
PART-012-07,GAME-012,IND-002,25000.0,2025-01-16T00:00:00,2025-01-16T02:00:00,0,7,ACTIVE,2026-10-05 08:47:06
PART-012-08,GAME-012,IND-012,25000.0,2025-01-16T00:00:00,2025-01-16T02:00:00,0,8,ACTIVE,2026-10-05 08:47:06
PART-013-01,GAME-013,IND-002,40000.0,2024-12-12T00:00:00,2024-12-12T04:00:00,1,1,ACTIVE,2026-10-05 08:47:06
PART-013-02,GAME-013,IND-008,40000.0,2024-12-12T00:00:00,2024-12-12T04:00:00,1,2,ACTIVE,2026-10-05 08:47:06
PART-013-03,GAME-013,IND-003,40000.0,2024-12-12T00:00:00,2024-12-12T04:00:00,1,3,ACTIVE,2026-10-05 08:47:06
PART-013-04,GAME-013,IND-020,40000.0,2024-12-12T00:00:00,2024-12-12T04:00:00,1,4,ACTIVE,2026-10-05 08:47:06
PART-013-05,GAME-013,IND-011,40000.0,2024-12-12T00:00:00,2024-12-12T04:00:00,0,5,ACTIVE,2026-10-05 08:47:06
PART-013-06,GAME-013,IND-017,40000.0,2024-12-12T00:00:00,2024-12-12T04:00:00,0,6,ACTIVE,2026-10-05 08:47:06
PART-013-07,GAME-013,IND-009,40000.0,2024-12-12T00:00:00,2024-12-12T04:00:00,0,7,ACTIVE,2026-10-05 08:47:06
PART-013-08,GAME-013,IND-004,40000.0,2024-12-12T00:00:00,2024-12-12T04:00:00,0,8,ACTIVE,2026-10-05 08:47:06
PART-013-09,GAME-013,IND-005,40000.0,2024-12-12T00:00:00,2024-12-12T04:00:00,0,9,ACTIVE,2026-10-05 08:47:06
PART-013-10,GAME-013,IND-016,40000.0,2024-12-12T00:00:00,2024-12-12T04:00:00,0,10,ACTIVE,2026-10-05 08:47:06
PART-014-01,GAME-014,IND-016,26666.67,2024-06-13T00:00:00,2024-06-13T02:00:00,1,1,ACTIVE,2026-10-05 08:47:06
PART-014-02,GAME-014,IND-007,26666.67,2024-06-13T00:00:00,2024-06-13T02:00:00,1,2,ACTIVE,2026-10-05 08:47:06
PART-014-03,GAME-014,IND-018,26666.67,2024-06-13T00:00:00,2024-06-13T02:00:00,1,3,ACTIVE,2026-10-05 08:47:06
PART-014-04,GAME-014,IND-005,26666.67,2024-06-13T00:00:00,2024-06-13T02:00:00,1,4,ACTIVE,2026-10-05 08:47:06
PART-014-05,GAME-014,IND-020,26666.67,2024-06-13T00:00:00,2024-06-13T02:00:00,0,5,ACTIVE,2026-10-05 08:47:06
PART-014-06,GAME-014,IND-004,26666.67,2024-06-13T00:00:00,2024-06-13T02:00:00,0,6,ACTIVE,2026-10-05 08:47:06
PART-015-01,GAME-015,IND-016,20000.0,2024-08-05T00:00:00,2024-08-05T03:00:00,0,1,ACTIVE,2026-10-05 08:47:06
PART-015-02,GAME-015,IND-014,20000.0,2024-08-05T00:00:00,2024-08-05T03:00:00,0,2,ACTIVE,2026-10-05 08:47:06
PART-015-03,GAME-015,IND-007,20000.0,2024-08-05T00:00:00,2024-08-05T03:00:00,0,3,ACTIVE,2026-10-05 08:47:06
PART-015-04,GAME-015,IND-004,20000.0,2024-08-05T00:00:00,2024-08-05T03:00:00,0,4,ACTIVE,2026-10-05 08:47:06
PART-015-05,GAME-015,IND-017,20000.0,2024-08-05T00:00:00,2024-08-05T03:00:00,0,5,ACTIVE,2026-10-05 08:47:06
PART-016-01,GAME-016,IND-014,20000.0,2025-01-25T00:00:00,2025-01-25T04:00:00,0,1,ACTIVE,2026-10-05 08:47:06
PART-016-02,GAME-016,IND-012,20000.0,2025-01-25T00:00:00,2025-01-25T04:00:00,0,2,ACTIVE,2026-10-05 08:47:06
PART-016-03,GAME-016,IND-020,20000.0,2025-01-25T00:00:00,2025-01-25T04:00:00,0,3,ACTIVE,2026-10-05 08:47:06
PART-016-04,GAME-016,IND-018,20000.0,2025-01-25T00:00:00,2025-01-25T04:00:00,0,4,ACTIVE,2026-10-05 08:47:06
PART-017-01,GAME-017,IND-015,10000.0,2024-10-03T00:00:00,2024-10-03T02:00:00,0,1,ACTIVE,2026-10-05 08:47:06
PART-017-02,GAME-017,IND-002,10000.0,2024-10-03T00:00:00,2024-10-03T02:00:00,0,2,ACTIVE,2026-10-05 08:47:06
PART-017-03,GAME-017,IND-004,10000.0,2024-10-03T00:00:00,2024-10-03T02:00:00,0,3,ACTIVE,2026-10-05 08:47:06
PART-017-04,GAME-017,IND-019,10000.0,2024-10-03T00:00:00,2024-10-03T02:00:00,0,4,ACTIVE,2026-10-05 08:47:06
PART-017-05,GAME-017,IND-013,10000.0,2024-10-03T00:00:00,2024-10-03T02:00:00,0,5,ACTIVE,2026-10-05 08:47:06
PART-017-06,GAME-017,IND-012,10000.0,2024-10-03T00:00:00,2024-10-03T02:00:00,0,6,ACTIVE,2026-10-05 08:47:06
PART-018-01,GAME-018,IND-011,16666.67,2024-12-17T00:00:00,2024-12-17T01:00:00,0,1,ACTIVE,2026-10-05 08:47:06
PART-018-02,GAME-018,IND-004,16666.67,2024-12-17T00:00:00,2024-12-17T01:00:00,0,2,ACTIVE,2026-10-05 08:47:06
PART-018-03,GAME-018,IND-008,16666.67,2024-12-17T00:00:00,2024-12-17T01:00:00,0,3,ACTIVE,2026-10-05 08:47:06
PART-019-01,GAME-019,IND-007,50000.0,2024-04-25T00:00:00,2024-04-25T02:00:00,1,1,ACTIVE,2026-10-05 08:47:06
PART-019-02,GAME-019,IND-020,50000.0,2024-04-25T00:00:00,2024-04-25T02:00:00,1,2,ACTIVE,2026-10-05 08:47:06
PART-019-03,GAME-019,IND-018,50000.0,2024-04-25T00:00:00,2024-04-25T02:00:00,0,3,ACTIVE,2026-10-05 08:47:06
PART-019-04,GAME-019,IND-015,50000.0,2024-04-25T00:00:00,2024-04-25T02:00:00,0,4,ACTIVE,2026-10-05 08:47:06
PART-019-05,GAME-019,IND-005,50000.0,2024-04-25T00:00:00,2024-04-25T02:00:00,0,5,ACTIVE,2026-10-05 08:47:06
PART-019-06,GAME-019,IND-019,50000.0,2024-04-25T00:00:00,2024-04-25T02:00:00,0,6,ACTIVE,2026-10-05 08:47:06
PART-019-07,GAME-019,IND-003,50000.0,2024-04-25T00:00:00,2024-04-25T02:00:00,0,7,ACTIVE,2026-10-05 08:47:06
PART-019-08,GAME-019,IND-016,50000.0,2024-04-25T00:00:00,2024-04-25T02:00:00,0,8,ACTIVE,2026-10-05 08:47:06
PART-019-09,GAME-019,IND-008,50000.0,2024-04-25T00:00:00,2024-04-25T02:00:00,0,9,ACTIVE,2026-10-05 08:47:06
PART-019-10,GAME-019,IND-004,50000.0,2024-04-25T00:00:00,2024-04-25T02:00:00,0,10,ACTIVE,2026-10-05 08:47:06
PART-020-01,GAME-020,IND-003,31250.0,2024-06-21T00:00:00,2024-06-21T01:00:00,1,1,ACTIVE,2026-10-05 08:47:06
PART-020-02,GAME-020,IND-015,31250.0,2024-06-21T00:00:00,2024-06-21T01:00:00,0,2,ACTIVE,2026-10-05 08:47:06
PART-020-03,GAME-020,IND-018,31250.0,2024-06-21T00:00:00,2024-06-21T01:00:00,0,3,ACTIVE,2026-10-05 08:47:06
PART-020-04,GAME-020,IND-004,31250.0,2024-06-21T00:00:00,2024-06-21T01:00:00,0,4,ACTIVE,2026-10-05 08:47:06
PART-020-05,GAME-020,IND-002,31250.0,2024-06-21T00:00:00,2024-06-21T01:00:00,0,5,ACTIVE,2026-10-05 08:47:06
PART-020-06,GAME-020,IND-011,31250.0,2024-06-21T00:00:00,2024-06-21T01:00:00,0,6,ACTIVE,2026-10-05 08:47:06
PART-020-07,GAME-020,IND-009,31250.0,2024-06-21T00:00:00,2024-06-21T01:00:00,0,7,ACTIVE,2026-10-05 08:47:06
PART-020-08,GAME-020,IND-001,31250.0,2024-06-21T00:00:00,2024-06-21T01:00:00,0,8,ACTIVE,2026-10-05 08:47:06
