individual_id,pan,first_name,last_name,email,mobile,date_of_birth,kyc_status,kyc_date,registration_date,risk_score,status,created_at
IND-001,TEST0001X,Ayushman,Chander,virajtiwari@example.net,+918386379,1992-03-05,VERIFIED,2025-08-29,2025-08-08,0,ACTIVE,2026-10-05 08:47:06
IND-002,TEST0002X,Nachiket,Kale,harsh16@example.org,0594078161,1973-12-14,VERIFIED,2025-06-13,2025-06-09,0,ACTIVE,2026-10-05 08:47:06
IND-003,TEST0003X,Janaki,Handa,bathvedant@example.com,+913164752,1990-12-01,PENDING,,2026-01-05,20,ACTIVE,2026-10-05 08:47:06
IND-004,TEST0004X,Ekbal,Garg,nihalshere@example.com,0835030564,1970-04-03,VERIFIED,2026-03-01,2026-02-28,0,ACTIVE,2026-10-05 08:47:06
IND-005,TEST0005X,Divya,Kala,prandhawa@example.com,+914238849,1977-01-18,VERIFIED,2026-09-16,2026-08-23,0,ACTIVE,2026-10-05 08:47:06
IND-006,TEST0006X,Lakshit,Upadhyay,wchand@example.org,+912269166,1972-01-28,VERIFIED,2026-10-11,2026-10-02,20,ACTIVE,2026-10-05 08:47:06
IND-007,TEST0007X,Advay,Contractor,harini14@example.com,+917048281,1969-09-17,VERIFIED,2025-11-19,2025-11-11,50,ACTIVE,2026-10-05 08:47:06
IND-008,TEST0008X,Neel,Zacharia,naikvrinda@example.org,+915430391,2004-10-08,PENDING,,2025-07-03,60,ACTIVE,2026-10-05 08:47:06
IND-009,TEST0009X,Jeremiah,Dave,qgandhi@example.net,6383465787,1966-03-16,VERIFIED,2025-11-04,2025-10-27,20,ACTIVE,2026-10-05 08:47:06
IND-010,TEST0010X,Hamsini,Bail,thomasamble@example.org,0310518347,1970-05-27,VERIFIED,2025-03-22,2025-03-17,30,ACTIVE,2026-10-05 08:47:06
IND-011,TEST0011X,Urvashi,Kibe,mray@example.org,+916566701,1996-10-14,VERIFIED,2025-02-01,2025-01-08,60,ACTIVE,2026-10-05 08:47:06
IND-012,TEST0012X,Rehaan,Gupta,bdey@example.org,0731781080,2002-06-12,VERIFIED,2024-12-26,2024-12-22,60,ACTIVE,2026-10-05 08:47:06
IND-013,TEST0013X,Ojas,Ray,nsrivastava@example.com,+912606474,1967-09-23,PENDING,,2026-06-15,40,ACTIVE,2026-10-05 08:47:06
IND-014,TEST0014X,Dalbir,Bhat,dakshesh09@example.com,8208121913,1978-12-06,VERIFIED,2025-05-30,2025-05-08,40,ACTIVE,2026-10-05 08:47:06
IND-015,TEST0015X,Yatin,Baral,sainidiya@example.com,+915346247,1981-05-20,VERIFIED,2026-09-15,2026-08-22,0,ACTIVE,2026-10-05 08:47:06
IND-016,TEST0016X,Harish,Borah,yashawinilanka@example.org,0135427849,1961-02-10,VERIFIED,2026-10-31,2026-10-02,0,ACTIVE,2026-10-05 08:47:06
IND-017,TEST0017X,Chandani,Chawla,aishanidalia@example.org,8244935348,1982-09-29,VERIFIED,2026-06-10,2026-05-23,0,ACTIVE,2026-10-05 08:47:06
IND-018,TEST0018X,Charan,Chanda,cmalhotra@example.org,0242786801,2003-04-15,PENDING,,2026-07-26,20,ACTIVE,2026-10-05 08:47:06
IND-019,TEST0019X,Manthan,Banik,manbir62@example.org,0505331586,1994-06-27,VERIFIED,2026-02-23,2026-02-20,0,ACTIVE,2026-10-05 08:47:06
IND-020,TEST0020X,Warjas,Gaba,nitarabakshi@example.org,5634216073,1969-09-28,VERIFIED,2026-08-29,2026-08-10,0,ACTIVE,2026-10-05 08:47:06
